<?xml version="1.0" encoding="UTF-8"?>
<!DOCTYPE suite SYSTEM "http://testng.org/testng-1.0.dtd">
<suite name="Suite">
	<test name="IE Test">
		<parameter name="browsername" value="IE" />
		<classes>
			<class name="maven_testng_parallel.CrossBrowserTest" />
		</classes>
	</test>
	<test name="Firefox Test">
		<parameter name="browsername" value="Firefox" />
		<classes>
			<class name="maven_testng_parallel.CrossBrowserTest" />
		</classes>
	</test>
	<test name="Chrome Test">
		<parameter name="browsername" value="Chrome" />
		<classes>
			<class name="maven_testng_parallel.CrossBrowserTest" />
		</classes>
	</test>
</suite>